NAME,GYM,DOB,HEIGHT,WEIGHT
"ABDUL RAZAK ALHASSAN","","1985-08-11","5'10'","170 LBS"
"ABDUL-KERIM EDILOV","Akhmat Fight Team","1991-11-25","6'3'","205 LBS"
"ABU AZAITAR","Team Azaitar","1986-03-10","5'9'","185 LBS"
"ADAM MILSTEAD","Pittsburgh Fight Club","1987-07-03","6'3'","205 LBS"
"ADAM WIECZOREK","AKS Chorzow","1992-02-05","6'5'","232 LBS"
"ADAM YANDIEV","Fight or Die","1988-07-07","5'11'","185 LBS"
"ADLAN AMAGOV","Jackson-Wink MMA","1986-10-30","5'11'","170 LBS"
"AIEMANN ZAHABI","Tristar Gym","1987-11-19","5'8'","135 LBS"
"AISLING DALY","SBG Ireland","1987-12-24","5'3'","116 LBS"
"AL IAQUINTA","Serra-Longo Fight Team","1987-04-30","5'7'","155 LBS"
"ALAN BELCHER","Roufusport / Remix MMA","1984-04-24","6'2'","185 LBS"
"ALAN JOUBAN","Black House / 10th Planet Jiu-Jitsu","1982-11-25","6'0'","171 LBS"
"ALAN PATRICK","X-Gym","1983-07-19","5'11'","155 LBS"
"ALBERTO MINA","Kings MMA / Epic MMA","1982-05-02","6'0'","170 LBS"
"ALEJANDRO PEREZ","American Kickboxing Academy","1989-09-02","5'6'","135 LBS"
"ALEKSANDAR RAKIC","Gym 23 / American Top Team","1992-02-06","6'5'","205 LBS"
"ALEN AMEDOVSKI","American Top Team Rome","1988-04-06","5'10'","185 LBS"
"ALESSIO DI CHIRICO","Gloria Fight Center","1989-12-12","6'0'","185 LBS"
"ALEX CACERES","MMA Lab","1988-06-20","5'9'","145 LBS"
"ALEX CHAMBERS","American Top Team","1978-10-28","5'3'","115 LBS"
"ALEX DA SILVA","","","",""
"ALEX GARCIA","Tristar Gym","1987-07-14","5'9'","171 LBS"
"ALEX MORONO","Gracie Barra Woodlands","1990-08-16","5'11'","170 LBS"
"ALEX OLIVEIRA","ATS Team Tres Rios","1988-02-21","5'11'","170 LBS"
"ALEX PEREZ","Team Oyama","1992-03-21","5'6'","125 LBS"
"ALEX REYES","Cage Combat Academy / Pinnacle MMA","1986-10-02","5'11'","155 LBS"
"ALEX WHITE","Team Destruction","1988-10-22","6'0'","155 LBS"
"ALEXA GRASSO","Lobo Gym MMA","1993-08-09","5'5'","115 LBS"
"ALEXANDER GUSTAFSSON","Allstars Training Center / Alliance MMA","1987-01-15","6'4'","205 LBS"
"ALEXANDER HERNANDEZ","Ohana Academy","1992-10-01","5'9'","155 LBS"
"ALEXANDER VOLKANOVSKI","Freestyle Fighting Gym","1988-09-29","5'6'","145 LBS"
"ALEXANDER VOLKOV","Strela Team","1988-10-24","6'7'","240 LBS"
"ALEXANDER YAKOVLEV","K Dojo Warrior Tribe","1984-07-18","6'1'","170 LBS"
"ALEXANDRA ALBU","Red Fury Fight Team / MMA-KEGI","1990-07-14","5'2'","115 LBS"
"ALEXANDRE PANTOJA","Nova Uniao / Black House","1990-04-16","5'5'","125 LBS"
"ALEXIS DAVIS","Combat Sports Academy","1984-10-04","5'6'","125 LBS"
"ALISTAIR OVEREEM","Elevation Fight Team","1980-05-17","6'4'","234 LBS"
"ALJAMAIN STERLING","Serra-Longo Fight Team","1989-07-31","5'7'","135 LBS"
"ALLEN CROWDER","Team Rubao Carioca BJJ","1989-11-08","6'3'","237 LBS"
"ALONZO MENIFIELD","Saekson Muay Thai","1987-10-18","6'0'","205 LBS"
"AMANDA COOPER","Scorpion Fighting System","1991-10-22","5'3'","115 LBS"
"AMANDA LEMOS","Marajo Brothers Team","1987-05-22","5'4'","135 LBS"
"AMANDA NUNES","American Top Team","1988-05-30","5'8'","135 LBS"
"AMANDA RIBAS","Marcelo Ribas Team","1993-08-26","5'4'","115 LBS"
"ANDERSON DOS SANTOS","Babuino Gold Team","1985-07-24","5'6'","135 LBS"
"ANDERSON SILVA","Team Nogueira / X-Gym / Killer Bees","1975-04-14","6'2'","185 LBS"
"ANDRE EWELL","Apex MMA","1988-01-21","5'11'","135 LBS"
"ANDRE FILI","Team Alpha Male","1990-06-25","5'10'","145 LBS"
"ANDRE SOUKHAMTHATH","Combat Club","1988-10-23","5'9'","135 LBS"
"ANDREA LEE","Karate Mafia","1989-02-11","5'6'","125 LBS"
"ANDREI ARLOVSKI","","1979-02-04","6'4'","248 LBS"
"ANDREW SANCHEZ","Tristar Gym","1988-04-08","6'1'","185 LBS"
"ANGELA HILL","Alliance MMA","1985-01-12","5'3'","115 LBS"
"ANNA ELMOSE","Rumble Sports","","","135 LBS"
"ANTHONY HERNANDEZ","MMA Gold Fight Team","1993-10-18","6'0'","185 LBS"
"ANTHONY JOHNSON","Blackzilians / Jaco Hybrid Training Center","1984-03-06","6'2'","205 LBS"
"ANTHONY PETTIS","Roufusport","1987-01-27","5'10'","155 LBS"
"ANTHONY SMITH","Factory X","1988-07-26","6'4'","205 LBS"
"ANTONINA SHEVCHENKO","Tiger Muay Thai","1984-11-20","5'8'","125 LBS"
"ANTONIO BRAGA NETO","Team Nogueira","1987-10-29","6'3'","185 LBS"
"ANTONIO CARLOS","Clube da Luta","","",""
"ANTONIO ROGERIO NOGUEIRA","Team Nogueira","1976-06-02","6'2'","205 LBS"
"ARIANE CARNELOSSI","Inside Muay Thai","1992-11-17","5'2'","115 LBS"
"ARIANE LIPSKI","Rasthai","1994-01-26","5'6'","125 LBS"
"ARJAN SINGH BHULLAR","Ryan's MMA - Checkmat Vancouver","1986-05-13","6'1'","241 LBS"
"ARMAN TSARUKYAN","MFP Team","1996-10-11","5'9'","155 LBS"
"ARNOLD ALLEN","Tristar Gym","1994-01-17","5'9'","145 LBS"
"ARTEM LOBOV","SBG Ireland","1986-08-11","5'9'","146 LBS"
"ASHKAN MOKHTARIAN","Australian Top Team","1985-09-18","5'6'","125 LBS"
"ASHLEE EVANS-SMITH","Reign MMA","1987-07-09","5'8'","136 LBS"
"ASHLEY YODER","Team Quest","1987-10-20","5'7'","115 LBS"
"ASKAR ASKAROV","Fighting Eagle","1992-10-09","5'5'","125 LBS"
"ASPEN LADD","MMAGOLD Fight Team","1995-03-01","5'6'","135 LBS"
"AUGUSTO SAKAI","Gile Ribeiro Team / Noguchi Team","1991-05-19","6'4'","265 LBS"
"AUSTIN ARNETT","Sikjitsu","1991-10-22","6'0'","145 LBS"
"AUSTIN HUBBARD","Elevation Fight Team","1991-12-22","5'10'","155 LBS"
"BARTOSZ FABINSKI","Berkut WCA Fight Team","1986-04-26","6'0'","170 LBS"
"BEA MALECKI","","1991-08-23","5'11'","145 LBS"
"BELAL MUHAMMAD","Roufusport","1988-07-09","5'10'","170 LBS"
"BEN ASKREN","Roufusport / Evolve MMA","1984-07-18","5'10'","170 LBS"
"BEN NGUYEN","Integrated MMA","1988-08-03","5'5'","125 LBS"
"BEN ROTHWELL","Rothwell MMA / LCCT","1981-10-17","6'4'","263 LBS"
"BEN SAUNDERS","American Top Team Orlando","1983-04-13","6'3'","170 LBS"
"BENEIL DARIUSH","Kings MMA","1989-05-06","5'10'","155 LBS"
"BENITO LOPEZ","Team Alpha Male","1994-04-06","5'10'","135 LBS"
"BETHE CORREIA","CM System","1983-06-22","5'4'","135 LBS"
"BEVON LEWIS","Jackson-Wink MMA","1991-05-05","6'3'","185 LBS"
"BJ PENN","BJ Penn's MMA","1978-12-13","5'9'","145 LBS"
"BLAGOY IVANOV","SK Absolute Bulgaria","1986-10-09","5'11'","251 LBS"
"BOBBY GREEN","Pinnacle Fighting Systems","1986-09-09","5'10'","155 LBS"
"BOBBY MOFFETT","MMA Lab","1990-06-01","5'10'","145 LBS"
"BOSTON SALMON","PHD Athletics / Xtreme Couture","1990-11-20","5'9'","135 LBS"
"BRAD KATONA","SBG Ireland","1991-12-19","5'6'","135 LBS"
"BRAD PICKETT","American Top Team / Team Titan","1978-09-24","5'6'","125 LBS"
"BRADLEY SCOTT","Dragons Lair MMA / MMA Lab","1989-06-22","6'1'","170 LBS"
"BRANDON DAVIS","Alan Belcher MMA Club","1990-05-08","5'10'","145 LBS"
"BRANDON MORENO","Entram Gym","1993-12-07","5'7'","125 LBS"
"BRENDAN SCHAUB","Reign MMA","1983-03-18","6'4'","238 LBS"
"BRIAN KELLEHER","Maxum BJJ","1986-08-19","5'6'","135 LBS"
"BRIAN ORTEGA","Black House / Black Belt Surfing Team","1991-02-21","5'9'","145 LBS"
"BRIANNA VAN BUREN","American Kickboxing Academy","1993-08-04","4'11'","116 LBS"
"BROCK LESNAR","Team Death Clutch","1977-07-12","6'3'","264 LBS"
"BROK WEAVER","","1991-12-05","6'0'","155 LBS"
"BRYAN BARBERENA","MMA Lab","1989-05-03","6'0'","155 LBS"
"BRYAN CARAWAY","Xtreme Couture","1984-08-04","5'9'","135 LBS"
"BRYCE MITCHELL","Barata MMA","1994-10-04","5'9'","145 LBS"
"C B DOLLAWAY","Power MMA Team","1983-08-10","6'2'","185 LBS"
"CAIN VELASQUEZ","American Kickboxing Academy","1982-07-28","6'1'","241 LBS"
"CALLAN POTTER","Renegade MMA","1984-09-06","6'1'","155 LBS"
"CALVIN KATTAR","Carlos Neto BJJ / Team Sityodtong","1988-03-26","5'11'","145 LBS"
"CARLA ESPARZA","Team Oyama","1987-10-10","5'1'","115 LBS"
"CARLO PEDERSOLI","Gloria Fight Center","1993-06-08","5'11'","170 LBS"
"CARLOS CONDIT","Jackson-Wink MMA","1984-04-26","6'1'","170 LBS"
"CARLOS HUACHIN","PMAC (Pitbull Martial Arts Center)","1996-06-06","5'7'","135 LBS"
"CASEY KENNEY","Rise Combat Sports","1991-03-20","5'7'","135 LBS"
"CAT ZINGANO","Zingano Brazilian Jiu-Jitsu","1982-07-01","5'6'","135 LBS"
"CEZAR FERREIRA","MMA Masters","1985-02-15","6'1'","185 LBS"
"CHAD LAPRISE","Adrenaline Training Center","1986-07-23","5'10'","159 LBS"
"CHAD MENDES","Team Alpha Male","1985-05-01","5'6'","145 LBS"
"CHAN SUNG JUNG","Korean Zombie MMA","1987-03-17","5'9'","145 LBS"
"CHANCE RENCOUNTRE","Alliance MMA","1986-12-31","6'2'","170 LBS"
"CHANMI JEON","Kukje Gym / Ryeong Promotion","1997-08-28","5'5'","115 LBS"
"CHARLES BYRD","Fortis MMA","1983-10-11","5'10'","185 LBS"
"CHARLES OLIVEIRA","Chute Boxe Diego Lima / Gold Team","1989-10-17","5'10'","155 LBS"
"CHARLES ROSA","American Top Team","1986-08-24","5'10'","145 LBS"
"CHAS SKELLY","Hard Knocks 365","1985-05-11","5'11'","145 LBS"
"CHASE SHERMAN","Jackson-Wink MMA","1989-11-06","6'4'","247 LBS"
"CHRIS DE LA ROCHA","Forge Combat Academy","1979-05-15","6'3'","243 LBS"
"CHRIS FISHGOLD","Next Generation UK","1992-06-06","5'8'","145 LBS"
"CHRIS GRUETZEMACHER","2 Knuckle Sports MMA Academy","1986-06-16","5'8'","155 LBS"
"CHRIS GUTIERREZ","Factory X","1991-04-22","5'8'","135 LBS"
"CHRIS HOLDSWORTH","Team Alpha Male","1987-10-24","5'11'","135 LBS"
"CHRIS WEIDMAN","Serra-Longo Fight Team","1984-06-17","6'2'","185 LBS"
"CHRISTOS GIAGOS","Black House","1990-01-23","5'10'","155 LBS"
"CIRYL GANE","MMA Factory Paris","1990-05-06","6'5'","265 LBS"
"CLAUDIA GADELHA","Luttrell-Yee MMA / Jackson-Wink MMA","1988-12-07","5'3'","115 LBS"
"CLAUDIO PUELLES","Pitbull Martial Arts Center","1996-04-21","5'11'","145 LBS"
"CLAUDIO SILVA","Club Barbarian","","","198 LBS"
"CLAY COLLARD","The Pit Elevated Fight Team","1993-03-10","5'11'","155 LBS"
"CLAY GUIDA","Team Alpha Male","1981-12-08","5'7'","155 LBS"
"CM PUNK","Roufusport","1978-10-26","6'2'","170 LBS"
"CODY GARBRANDT","Team Alpha Male","1991-07-07","5'7'","135 LBS"
"CODY STAMANN","Michigan Top Team","1989-11-09","5'7'","135 LBS"
"COLBY COVINGTON","American Top Team","1988-02-22","5'11'","169 LBS"
"COLE SMITH","Team Quest Thailand","1989-04-05","5'11'","135 LBS"
"COLE WILLIAMS","","1983-12-15","6'0'","170 LBS"
"CONOR MCGREGOR","SBG Ireland","1988-07-14","5'8'","155 LBS"
"COREY ANDERSON","The Kennel Fight Club","1989-09-22","6'3'","205 LBS"
"CORTNEY CASEY","MMA Lab","1987-05-05","5'6'","115 LBS"
"CORY SANDHAGEN","Elevation Fight Team","1992-04-20","5'11'","145 LBS"
"COSTAS PHILIPPOU","Bellmore Kickboxing Academy","1979-11-29","5'11'","185 LBS"
"COURT MCGEE","Factory X","1984-12-12","5'11'","170 LBS"
"CRAIG WHITE","Team Lionheart","1990-07-01","6'2'","170 LBS"
"CRIS CYBORG","Chute Boxe / The Arena","1985-07-09","5'8'","145 LBS"
"CUB SWANSON","","1983-11-02","5'8'","145 LBS"
"CURTIS BLAYDES","Elevation Fight Team","1991-02-18","6'4'","255 LBS"
"CURTIS MILLENDER","CSW","1987-12-01","6'3'","170 LBS"
"CYNTHIA CALVILLO","Team Alpha Male","1987-07-13","5'4'","118 LBS"
"CYRIL ASKER","Bushido Academie","1985-12-24","6'0'","244 LBS"
"DA UN JUNG","Korean Top Team","1988-02-11","6'3'","205 LBS"
"DALCHA LUNGIAMBULA","Dragon Power","1985-07-31","5'10'","203 LBS"
"DAMIR HADZOVIC","Arte Suave Copenhagen","1986-08-08","5'11'","155 LBS"
"DAMIR ISMAGULOV","New Stream / Storm Fight Team / Boets MMA","1991-02-03","5'10'","155 LBS"
"DAN HENDERSON","Team Quest","1970-08-24","6'1'","185 LBS"
"DAN HOOKER","City Kickboxing","1990-02-13","6'0'","155 LBS"
"DAN IGE","Xtreme Couture","1991-08-06","5'7'","145 LBS"
"DAN MORET","Minnesota Martial Arts Academy / MMA Lab","1986-11-21","6'0'","155 LBS"
"DANAA BATGEREL","Team Tungaa","1989-07-04","5'8'","145 LBS"
"DANIEL CORMIER","American Kickboxing Academy","1979-03-20","5'11'","251 LBS"
"DANIEL SPITZ","Sikjitsu","1990-07-31","6'7'","240 LBS"
"DANIEL TEYMUR","Allstars Training Center","1988-02-03","5'5'","145 LBS"
"DANILO BELLUARDO","Thunder Gym Milano","1994-07-21","5'11'","155 LBS"
"DANNY HENRY","Higher Level Martial Arts","","5'11'","155 LBS"
"DANNY ROBERTS","Team McHale","1987-07-14","6'1'","170 LBS"
"DARKO STOSIC","MMA Red Star","1992-02-09","6'0'","205 LBS"
"DARRELL HORCHER","Unrivaled Athletics","1987-07-28","5'10'","154 LBS"
"DARREN ELKINS","Duneland Vale Tudo","1984-05-16","5'10'","145 LBS"
"DARREN STEWART","The MMA Clinic","1990-12-30","6'0'","185 LBS"
"DARREN TILL","Astra Fight Team / Team Kaobon","1992-12-24","6'0'","170 LBS"
"DAVEY GRANT","North East Top Team / SBG Manchester","1985-12-18","5'8'","135 LBS"
"DAVI RAMOS","Team Nogueira","1986-11-05","5'8'","155 LBS"
"DAVID BRANCH","Renzo Gracie Jiu-Jitsu","1981-09-26","6'1'","185 LBS"
"DAVID TEYMUR","Allstars Training Center","1989-05-01","5'9'","155 LBS"
"DAVID ZAWADA","UFD Gym","1990-08-01","6'0'","170 LBS"
"DEIVESON FIGUEIREDO","Marajo Brothers Team","1987-12-18","5'5'","125 LBS"
"DEMIAN MAIA","Demian Maia Jiu-Jitsu","1977-11-06","6'0'","170 LBS"
"DENNIS BERMUDEZ","Long Island MMA","1986-12-13","5'6'","145 LBS"
"DEQUAN TOWNSEND","Murcielago MMA","1986-05-11","6'3'","170 LBS"
"DEREK BRUNSON","Hard Knocks 365","1984-01-04","6'1'","186 LBS"
"DERRICK KRANTZ","Team 515","1988-01-13","5'10'","170 LBS"
"DERRICK LEWIS","Grind House Fitness","1985-02-07","6'3'","264 LBS"
"DESMOND GREEN","Hard Knocks 365","1989-10-11","5'10'","155 LBS"
"DEVIN CLARK","Jackson-Wink MMA","1988-07-26","6'0'","185 LBS"
"DEVIN POWELL","Nostos MMA","","6'0'","155 LBS"
"DEVONTE SMITH","Factory X","1993-07-30","5'9'","155 LBS"
"DHIEGO LIMA","American Top Team Atlanta","1989-01-31","6'2'","170 LBS"
"DIEGO FERREIRA","Fortis MMA","1985-01-18","5'9'","155 LBS"
"DIEGO SANCHEZ","Jackson-Wink MMA","1981-12-31","5'10'","170 LBS"
"DION STARING","Dion Staring's Gym","1978-06-09","6'1'","240 LBS"
"DMITRII SMOLIAKOV","Baltic Challenge Team","1982-08-05","6'2'","257 LBS"
"DMITRY SOSNOVSKIY","GOR MMA","1989-07-06","6'3'","240 LBS"
"DOMINGO PILARTE","BJJ Revolution Team / 4oz. Fight Club","1990-01-05","6'0'","135 LBS"
"DOMINICK REYES","Cage Combat Academy","1989-12-26","6'4'","205 LBS"
"DONALD CERRONE","BMF Ranch","1983-03-29","6'0'","170 LBS"
"DONG HYUN KIM","Busan Team M.A.D.","1981-11-17","6'2'","170 LBS"
"DONG HYUN MA","Busan Team MAD","1988-09-09","5'11'","155 LBS"
"DONGI YANG","Team Macho","1984-12-07","5'11'","185 LBS"
"DOO HO CHOI","Busan Team MAD","1991-04-10","5'9'","145 LBS"
"DOUG MARSHALL","Elite Team","1977-02-03","5'10'","185 LBS"
"DOUGLAS SILVA DE ANDRADE","Corinthians MMA / Nabruta Fight Team","1985-06-22","5'6'","135 LBS"
"DRAKKAR KLOSE","MMA Lab","1988-03-09","5'8'","155 LBS"
"DREW DOBER","Elevation Fight Team","1988-10-19","5'8'","155 LBS"
"DREW FICKETT","Team Scrub","1979-12-24","5'10'","151 LBS"
"DUDA SANTANA","Tata Fight Team","1996-10-01","5'7'","135 LBS"
"DUSTIN ORTIZ","Combat Sports Academy","1988-12-25","5'5'","125 LBS"
"DUSTIN POIRIER","American Top Team","1989-01-19","5'9'","155 LBS"
"DWIGHT GRANT","American Kickboxing Academy","1984-09-14","6'1'","170 LBS"
"ED HERMAN","Gracie Barra Portland","1980-10-02","6'2'","205 LBS"
"EDDIE ALVAREZ","Ricardo Almeida Jiu-Jitsu","1984-01-11","5'10'","155 LBS"
"EDDIE WINELAND","Duneland Vale Tudo","1984-06-26","5'8'","135 LBS"
"EDMEN SHAHBAZYAN","","1997-11-20","6'2'","185 LBS"
"EDSON BARBOZA","American Top Team","1986-01-21","5'11'","155 LBS"
"EDUARDO GARAGORRI","CT Fronteira Fight","1989-05-28","5'10'","145 LBS"
"ELIAS GARCIA","Roufusport","1992-09-13","5'5'","125 LBS"
"ELIAS THEODOROU","Kros Gym / Mecha MMA","1988-05-31","6'1'","185 LBS"
"ELIZEU DOS SANTOS","CM System","1986-11-12","5'11'","170 LBS"
"EMIL MEEK","Xtreme Couture","1988-08-20","5'11'","170 LBS"
"EMILY WHITMIRE","Xtreme Couture","1991-05-24","5'5'","115 LBS"
"ENRIQUE BARZOLA","Pitbull Martial Arts Center","1989-04-25","5'7'","145 LBS"
"ERIC SHELTON","American Top Team","1991-02-02","5'6'","125 LBS"
"ERIC SPICELY","Syndicate MMA","1986-09-29","6'1'","185 LBS"
"ERIK KOCH","Roufusport","1988-10-04","5'10'","155 LBS"
"ERYK ANDERS","Spartan Fitness","1987-04-21","6'1'","185 LBS"
"EVAN DUNHAM","Xtreme Couture","1981-12-18","5'10'","155 LBS"
"FARES ZIAM","Team Ezbiri / Team Icon / Bulgarian Top Team","1997-03-21","6'0'","155 LBS"
"FELICE HERRIG","Team Curran","1984-09-18","5'4'","115 LBS"
"FELICIA SPENCER","The Jungle MMA","1990-11-29","5'6'","146 LBS"
"FELIPE COLARES","Team Nogueira","1994-03-31","5'9'","135 LBS"
"FELIPE SILVA","CM System / Pro Fight Team","1984-08-05","6'0'","155 LBS"
"FORREST GRIFFIN","Xtreme Couture / Throwdown","1979-07-01","6'3'","205 LBS"
"FRANCIS NGANNOU","MMA Factory","1986-09-05","6'4'","259 LBS"
"FRANCISCO TRINALDO","Evolucao Thai","1978-08-24","5'8'","155 LBS"
"FRANK CAMACHO","Team Oyama","1989-05-18","5'10'","169 LBS"
"FRANKIE EDGAR","Ricardo Almeida Jiu-Jitsu","1981-10-16","5'6'","145 LBS"
"FRANKIE SAENZ","Fight Ready","1980-08-12","5'6'","135 LBS"
"GABRIEL BENITEZ","American Kickboxing Academy","1988-06-15","5'8'","145 LBS"
"GABRIEL SILVA","Team Nogueira","1994-08-26","5'6'","135 LBS"
"GADZHIMURAD ANTIGULOV","American Top Team","1987-01-01","5'11'","205 LBS"
"GAVIN TUCKER","Titans MMA","1986-06-17","5'7'","145 LBS"
"GEOFF NEAL","Fortis MMA / StrKings","1990-08-28","5'11'","170 LBS"
"GEORGE SULLIVAN","Pellegrino MMA","1981-03-13","6'0'","169 LBS"
"GERALD MEERSCHAERT","Roufusport","1987-12-18","6'1'","185 LBS"
"GERALDO DE FREITAS","Nova Uniao","1991-09-30","5'9'","135 LBS"
"GERMAINE DE RANDAMIE","American Kickboxing Academy","1984-04-24","5'9'","135 LBS"
"GIACOMO LEMOS","Rangel Farias Team","1989-06-23","6'3'","255 LBS"
"GIAN VILLANTE","Bellmore Kickboxing Academy","1985-08-18","6'2'","205 LBS"
"GILBERT BURNS","Hard Knocks 365","1986-07-20","5'10'","155 LBS"
"GILBERT MELENDEZ","Skrap Pack","1982-04-12","5'9'","155 LBS"
"GILLIAN ROBERTSON","American Top Team","1995-05-17","5'5'","125 LBS"
"GINA MAZANY","Xtreme Couture","1988-08-19","5'6'","135 LBS"
"GLOVER TEIXEIRA","Teixeira MMA & Fitness","1979-10-28","6'2'","205 LBS"
"GOKHAN SAKI","Mike's Gym","1983-10-19","6'0'","205 LBS"
"GRANT DAWSON","Glory MMA & Fitness","1994-02-20","5'10'","145 LBS"
"GRAY MAYNARD","American Kickboxing Academy","1979-09-05","5'8'","145 LBS"
"GREG HARDY","American Top Team","1988-07-28","6'5'","265 LBS"
"GREGOR GILLESPIE","Bellmore Kickboxing Academy","1987-03-18","5'9'","155 LBS"
"GUIDO CANNETTI","Our Town MMA","1979-12-19","5'6'","135 LBS"
"GUNNAR NELSON","Mjolnir / SBG Ireland","1988-07-28","5'11'","170 LBS"
"HAKEEM DAWODU","Champion's Creed MMA / Mike Miles Muay Thai and Kickboxing","1991-07-02","5'8'","145 LBS"
"HANNAH CIFERS","Sommai Muay Thai","1992-06-26","5'1'","115 LBS"
"HANNAH GOLDY","UFC Gym Winter Springs","1992-05-18","5'4'","115 LBS"
"HECTOR ALDANA","Torture Athletics","1988-08-17","5'11'","170 LBS"
"HECTOR LOMBARD","UFD Gym","1978-02-02","5'9'","185 LBS"
"HECTOR SANDOVAL","Team Alpha Male","1986-07-19","5'2'","125 LBS"
"HEILI ALATENG","Burigude","1991-12-14","5'6'","125 LBS"
"HENRY CEJUDO","Fight Ready","1987-02-09","5'4'","125 LBS"
"HOLLY HOLM","Jackson-Wink MMA","1981-10-17","5'8'","145 LBS"
"HU YAOZONG","ET MMA","1995-04-07","6'3'","205 LBS"
"HUMBERTO BANDENAY","Pro Fighting Peru","1994-09-04","5'11'","145 LBS"
"HUNTER AZURE","Fight Ready","1992-03-02","5'8'","145 LBS"
"IAN HEINISCH","Factory X","1988-08-05","5'11'","185 LBS"
"ILIR LATIFI","Pancrase Gym Sweden","1983-07-28","5'8'","205 LBS"
"ION CUTELABA","Timoshkov Sport Club / CSA Moldova","1993-12-14","6'1'","205 LBS"
"IRENE ALDANA","Lobo Gym MMA","1988-03-26","5'9'","135 LBS"
"ISLAM MAKHACHEV","Eagles MMA / American Kickboxing Academy","1991-09-27","5'10'","155 LBS"
"ISMAIL NAURDIEV","Top Team Salzburg","1996-08-18","6'0'","170 LBS"
"ISRAEL ADESANYA","City Kickboxing","1989-07-22","6'4'","185 LBS"
"IURI ALCANTARA","Marajo Brothers Team","1980-08-04","5'9'","135 LBS"
"IVAN SHTYRKOV","Archangel Michael Club","1988-09-06","6'0'","237 LBS"
"J J ALDRICH","Freedom Fighters / 303 Training Center","1992-06-11","5'5'","116 LBS"
"JACK HERMANSSON","Frontline Academy","1988-06-10","6'1'","185 LBS"
"JACK MARSHMAN","Tillery Combat MMA Academy","1989-12-19","6'0'","185 LBS"
"JAIRZINHO ROZENSTRUIK","Team Bigi Boy","1988-03-17","6'2'","248 LBS"
"JAKE COLLIER","Pit MMA","1988-10-23","6'3'","205 LBS"
"JAKE ELLENBERGER","Reign MMA","1985-03-28","5'9'","170 LBS"
"JAKE MATTHEWS","Nexus","1994-08-19","5'11'","170 LBS"
"JALIN TURNER","Adrenaline Combat Sports","1995-05-18","6'3'","155 LBS"
"JAMAHAL HILL","","1991-05-19","6'4'","205 LBS"
"JAMES KRAUSE","Glory MMA and Fitness","1986-06-04","6'2'","155 LBS"
"JAMES TE HUNA","Pirtek Athletic Allstars","1981-09-29","6'1'","185 LBS"
"JAMES TERRY","Cung Le's Universal Strength Headquarters","1981-03-16","5'10'","160 LBS"
"JAMES VICK","Team Lloyd Irvin","1987-02-23","6'3'","155 LBS"
"JAN BLACHOWICZ","Berkut WCA Fight Team","1983-02-24","6'2'","205 LBS"
"JARED CANNONIER","MMA Lab","1984-03-16","6'0'","185 LBS"
"JARED GORDON","Renzo Gracie Jiu-Jitsu","1988-09-06","5'9'","155 LBS"
"JARJIS DANHO","Hammers Team","1983-10-15","6'3'","262 LBS"
"JARRED BROOKS","Mash Fight Team","1993-05-02","5'3'","125 LBS"
"JASON GONZALEZ","Millennia MMA","1990-02-28","6'2'","155 LBS"
"JASON MILLER","Team Mayhem / Reign MMA / Kings MMA","1980-12-24","6'0'","185 LBS"
"JEFF HUGHES","Strong Style Fight Team","1988-05-17","6'2'","253 LBS"
"JENNIFER MAIA","Chute Boxe","1988-10-06","5'4'","125 LBS"
"JEREMY STEPHENS","Alliance MMA","1986-05-26","5'9'","145 LBS"
"JESSE RONSON","Adrenaline Training Center","1985-12-24","5'9'","170 LBS"
"JESSE TAYLOR","Team Quest","1983-01-02","6'1'","170 LBS"
"JESSICA AGUILAR","American Top Team","1982-05-08","5'3'","115 LBS"
"JESSICA ANDRADE","Parana Vale Tudo","1991-09-25","5'2'","115 LBS"
"JESSICA EYE","Xtreme Couture","1986-07-27","5'6'","125 LBS"
"JESSICA PENNE","Alliance MMA","1983-01-30","5'5'","115 LBS"
"JESSICA-ROSE CLARK","Syndicate MMA","1987-11-28","5'5'","125 LBS"
"JESSIN AYARI","Hammers Team / Planet Eater","1992-05-31","6'0'","155 LBS"
"JESUS PINEDO","Pitbull Martial Arts Center","1996-06-22","5'10'","155 LBS"
"JI YEON KIM","Impact Gym","1989-10-18","5'7'","125 LBS"
"JIM CRUTE","Stewie's House of BJJ","1996-03-04","6'2'","205 LBS"
"JIM HETTES","Northeast Jiu-Jitsu / World Class Boxing","1987-06-09","5'9'","145 LBS"
"JIM MILLER","Miller Brothers MMA","1983-08-30","5'8'","155 LBS"
"JIMI MANUWA","Keddles Gym / Nova Forca Brazilian Jiu-Jitsu","1980-02-18","6'0'","205 LBS"
"JIMMIE RIVERA","Team Tiger Schulmann","1989-06-29","5'4'","135 LBS"
"JOANNA JEDRZEJCZYK","American Top Team","1987-08-18","5'6'","115 LBS"
"JOANNE CALDERWOOD","Tristar Gym","1986-12-23","5'6'","125 LBS"
"JOAQUIM SILVA","Evolucao Thai","1989-02-05","5'8'","155 LBS"
"JOBY SANCHEZ","Jackson-Wink MMA","1991-06-24","5'6'","135 LBS"
"JODIE ESQUIBEL","Jackson-Wink MMA","1986-05-07","5'1'","116 LBS"
"JOE ELLENBERGER","Premier Combat Center","1985-03-28","5'8'","155 LBS"
"JOE LAUZON","Lauzon MMA","1984-05-22","5'10'","155 LBS"
"JOEL ALVAREZ","Bandog Fight Club","1993-03-02","6'0'","161 LBS"
"JOHN ALLAN","","","",""
"JOHN DODSON","Jackson-Wink MMA","1984-09-26","5'3'","135 LBS"
"JOHN GUNTHER","Strong Style Fight Team","1985-11-24","5'9'","155 LBS"
"JOHN HATHAWAY","London Shootfighters","1987-07-01","6'2'","170 LBS"
"JOHN LINEKER","OCS Jiu-Jitsu / American Top Team","1990-06-12","5'3'","135 LBS"
"JOHN MAKDESSI","Roufusport","1985-05-03","5'8'","155 LBS"
"JOHN PHILLIPS","SBG Ireland","1985-06-09","5'11'","185 LBS"
"JOHNNY WALKER","IF Team","1992-03-30","6'5'","205 LBS"
"JOHNY HENDRICKS","Team Takedown","1983-09-12","5'9'","185 LBS"
"JON TUCK","Kings MMA","1984-08-28","5'11'","155 LBS"
"JONATHAN MARTINEZ","","1994-04-20","5'7'","135 LBS"
"JORDAN ESPINOSA","Luttrell-Yee MMA","1989-11-08","5'7'","125 LBS"
"JORDAN GRIFFIN","Roufusport","1990-02-23","5'10'","145 LBS"
"JORDAN JOHNSON","MMA Lab","1988-11-18","6'2'","205 LBS"
"JORDAN MEIN","Canadian Martial Arts Centre","1989-10-10","6'0'","170 LBS"
"JORDAN RINALDI","One Kick's Gym / Sergio Penha BJJ","1987-09-25","5'10'","145 LBS"
"JORGE MASVIDAL","American Top Team","1984-11-12","5'11'","170 LBS"
"JOSE ALDO","Nova Uniao","1986-09-09","5'7'","145 LBS"
"JOSE QUINONEZ","","","",""
"JOSE TORRES","KHK MMA Team","1992-08-02","5'4'","125 LBS"
"JOSEPH BENAVIDEZ","Team Alpha Male","1984-07-31","5'4'","125 LBS"
"JOSEPH MORALES","Team Alpha Male","1994-08-22","5'6'","125 LBS"
"JOSH BARNETT","UWF USA","1977-11-10","6'3'","248 LBS"
"JOSH EMMETT","Team Alpha Male","1985-03-04","5'6'","145 LBS"
"JOURNEY NEWSON","Impact Jiu Jitsu","1989-03-07","","135 LBS"
"JUAN ADAMS","Paradigm Training Center","1992-01-16","6'5'","265 LBS"
"JUAN ESPINO","","","","185 LBS"
"JULIA AVILA","All Powers Fitness and Fighting / Junkyard Dogs Fight Team","1988-05-11","5'4'","135 LBS"
"JULIAN EROSA","Yakima MMA","1989-07-31","6'1'","155 LBS"
"JULIAN MARQUEZ","Syndicate MMA","1990-05-08","6'2'","185 LBS"
"JULIANNA PEÃ‘A","SikJitsu","1989-08-19","5'7'","134 LBS"
"JULIJA STOLIARENKO","The Knight of Plunge","","5'7'","135 LBS"
"JULIO ARCE","Team Tiger Schulmann","1989-10-27","5'7'","145 LBS"
"JUN YONG PARK","World Top Team","1991-02-27","6'0'","176 LBS"
"JUNIOR ALBINI","Astra Fight Team","1991-03-15","6'3'","265 LBS"
"JUNIOR DOS SANTOS","Champion Team / Nordeste Jiu-Jitsu / American Top Team","1984-01-30","6'4'","239 LBS"
"JUSSIER FORMIGA","American Top Team","1985-04-14","5'5'","125 LBS"
"JUSTIN FRAZIER","Without Limits MMA","1989-06-15","6'0'","281 LBS"
"JUSTIN GAETHJE","Genesis Training Center","1988-11-14","5'11'","155 LBS"
"JUSTIN LEDET","","1988-09-28","6'4'","205 LBS"
"JUSTIN SCOGGINS","Revolution Mixed Martial Arts","1992-05-02","5'7'","125 LBS"
"JUSTIN WILCOX","American Kickboxing Academy","1979-03-12","5'6'","155 LBS"
"JUSTIN WILLIS","American Kickboxing Academy","1987-07-19","6'1'","265 LBS"
"JUSTINE KISH","Black House","1988-04-13","5'5'","125 LBS"
"KAI KARA FRANCE","Tiger Muay Thai","1993-03-26","5'5'","125 LBS"
"KAJAN JOHNSON","Tristar Gym","1984-04-21","5'11'","155 LBS"
"KAMARU USMAN","Hard Knocks 365","1987-05-11","6'0'","170 LBS"
"KARL ROBERSON","Killer B Combat Sports Academy","1990-10-04","6'1'","185 LBS"
"KAROL ROSA","Parana Vale Tudo","1994-12-30","5'7'","135 LBS"
"KAROLINA KOWALKIEWICZ","Shark Top Team","1985-10-15","5'3'","114 LBS"
"KATLYN CHOOKAGIAN","Team Renzo Gracie / AllStar BJJ","1988-12-28","5'9'","125 LBS"
"KAZULA VARGAS","Mexican Pride","1985-08-15","5'7'","155 LBS"
"KAZUO MISAKI","Haleo Top Team","1976-04-25","5'10'","170 LBS"
"KEITA NAKAMURA","K-Taro Dojo","1984-05-22","5'11'","170 LBS"
"KELVIN GASTELUM","Kings MMA","1991-10-24","5'9'","185 LBS"
"KENNEDY NZECHUKWU","Fortis MMA","1992-06-13","6'5'","205 LBS"
"KENNY FLORIAN","Florian Martial Arts Center","1976-05-26","5'10'","145 LBS"
"KERRY VERA","Alliance MMA","","5'7'","135 LBS"
"KETLEN VIEIRA","Nova Uniao / Team Feitosa","1991-08-26","5'9'","135 LBS"
"KEVIN AGUILAR","Longview MMA / Team 515","1988-09-07","5'7'","145 LBS"
"KEVIN HOLLAND","Phalanx MMA Academy","1992-11-05","6'3'","185 LBS"
"KEVIN LEE","Xtreme Couture","1992-09-04","5'9'","155 LBS"
"KHABIB NURMAGOMEDOV","Fightspirit Team / American Kickboxing Academy","1988-09-20","5'10'","155 LBS"
"KHADIS IBRAGIMOV","Sambo Piter","1995-05-21","6'2'","205 LBS"
"KHALID MURTAZALIEV","Krepost","","5'11'","185 LBS"
"KHALID TAHA","Arena Dortmund","1992-02-15","5'7'","135 LBS"
"KHALIL ROUNTREE JR.","Black House","1990-02-06","6'1'","205 LBS"
"KLIDSON ABREU","Evolucao Thai / Gracie Barra","1992-12-24","6'2'","205 LBS"
"KRON GRACIE","Kron Gracie Jiu-Jitsu","1988-07-11","5'9'","145 LBS"
"KRZYSZTOF JOTKO","American Top Team / Phuket Top Team","1989-08-19","6'1'","185 LBS"
"KURT HOLOBAUGH","Gracie United","1986-09-08","5'11'","145 LBS"
"KYLE BOCHNIAK","Broadway Jiu-Jitsu","1987-02-05","5'7'","145 LBS"
"KYLE NELSON","House of Champions MMA","1991-04-20","5'11'","155 LBS"
"KYLE NOKE","Jackson-Wink MMA","1980-03-18","6'1'","170 LBS"
"KYLE PREPOLEC","Maximum Training Centre","1989-08-30","5'10'","155 LBS"
"KYLE STEWART","Arizona Combat Sports","1989-01-31","5'10'","170 LBS"
"KYLER PHILLIPS","MMA Lab","1995-06-12","5'8'","135 LBS"
"KYUNG HO KANG","Busan Team MAD","1987-09-09","5'9'","135 LBS"
"LANDO VANNATA","Jackson's MMA","1992-03-14","5'9'","155 LBS"
"LARA PROCOPIO","Nova Uniao","1995-11-14","5'4'","128 LBS"
"LAUREANO STAROPOLI","Chute Boxe Diego Lima","1993-02-27","6'1'","170 LBS"
"LAUREN MUELLER","Alliance MMA","1991-11-15","5'5'","125 LBS"
"LAUREN MURPHY","MMA Lab","1983-07-27","5'7'","125 LBS"
"LEAH LETSON","Pura Vida BJJ","1992-08-21","5'7'","146 LBS"
"LEON EDWARDS","UTC Birmingham / American Kickboxing Academy","1991-08-25","6'0'","170 LBS"
"LEONARDO SANTOS","Nova Uniao","1980-02-05","6'0'","155 LBS"
"LERONE MURPHY","All Powers Gym","1991-07-22","5'10'","145 LBS"
"LI JINGLIANG","China Top Team","1988-03-20","6'0'","170 LBS"
"LIANA JOJUA","","1995-03-22","5'4'","135 LBS"
"LINA LANSBERG","Redline Training Center","1982-03-13","5'7'","135 LBS"
"LIU PINGYUAN","Team Alpha Male","1993-02-13","5'6'","135 LBS"
"LIVINHA SOUZA","Team Maximo / Atos Brazilian Jiu-Jitsu","1991-03-11","5'4'","115 LBS"
"LIZ CARMOUCHE","Team Hurricane Awesome","1984-02-19","5'6'","125 LBS"
"LOUIS SMOLKA","Team Oyama","1991-07-16","5'9'","135 LBS"
"LUANA CAROLINA","Capital da Luta","1993-06-11","5'7'","125 LBS"
"LUCIE PUDILOVA","KBC Pribram-MMA","1994-06-13","5'8'","135 LBS"
"LUIGI VENDRAMINI","First Fighter Center","1996-01-16","5'8'","155 LBS"
"LUIS HENRIQUE","Tata Fight Team","","","185 LBS"
"LUIS PENA","St. Charles MMA","1993-07-05","6'3'","155 LBS"
"LUKE JUMEAU","Phuket Top Team","1988-02-12","5'11'","170 LBS"
"LUKE ROCKHOLD","American Kickboxing Academy","1984-10-17","6'3'","185 LBS"
"LUKE SANDERS","Nashville MMA / Dynamix MMA","1985-12-12","5'7'","135 LBS"
"LV ZHENHONG","","","5'10'","141 LBS"
"LYMAN GOOD","Team Tiger Schulmann","1985-05-26","6'0'","170 LBS"
"MACKENZIE DERN","","","",""
"MACY CHIASSON","Fortis MMA","1991-07-27","5'9'","145 LBS"
"MAGOMED ANKALAEV","Akhmat Fight Team","1992-06-02","6'3'","205 LBS"
"MAGOMED BIBULATOV","Akhmat Fight Team","1988-08-22","5'5'","125 LBS"
"MAGOMED MUSTAFAEV","Fight Club Berkut / American Top Team","1988-08-02","5'9'","155 LBS"
"MAIA STEVENSON","Joe Stevenson's Cobra Kai","1982-03-19","5'4'","115 LBS"
"MAIRBEK TAISUMOV","Team Taisumov / Fight Club Berkut","1988-08-08","5'9'","155 LBS"
"MAKWAN AMIRKHANI","SBG Ireland","1988-11-08","5'10'","145 LBS"
"MANNY BERMUDEZ","South Shore Sportfighting","1994-07-19","5'6'","135 LBS"
"MANNY GAMBURYAN","Team Hayastan / Glendale Fighting Club","1981-05-08","5'5'","135 LBS"
"MARA ROMERO BORELLA","American Top Team","1986-06-03","5'6'","125 LBS"
"MARC DIAKIESE","American Top Team","1993-03-16","5'10'","154 LBS"
"MARC-ANDRE BARRIAULT","Patenaude Martial Arts","1990-02-18","6'1'","185 LBS"
"MARCELO GOLM","Corinthians MMA / American Top Team","1992-09-15","6'3'","255 LBS"
"MARCIN PRACHNIO","Tatsujin Dojo","1988-07-14","6'3'","205 LBS"
"MARCIN TYBURA","Jackson-Wink MMA","1985-11-09","6'3'","249 LBS"
"MARCO POLO REYES","Entram Gym / Alliance MMA","1984-11-07","5'11'","155 LBS"
"MARCOS MARIANO","Killer Bees","1986-10-12","6'1'","155 LBS"
"MARCOS ROGERIO DE LIMA","011 MMA Team","1985-06-25","6'1'","253 LBS"
"MARINA RODRIGUEZ","Thai Brasil","1987-04-29","5'7'","115 LBS"
"MARIO BAUTISTA","MMA Lab","1993-07-01","5'9'","135 LBS"
"MARION RENEAU","Elite Team","1977-06-20","5'6'","135 LBS"
"MARK DE LA ROSA","Factory X","1994-08-31","5'6'","135 LBS"
"MARK GODBEER","Scottish Hit Squad","1983-11-22","6'4'","245 LBS"
"MARK HUNT","American Top Team / Jackson-Wink MMA","1974-03-23","5'10'","265 LBS"
"MARK MUNOZ","Reign MMA","1978-02-09","6'0'","185 LBS"
"MARKUS PEREZ","Viscardi Andrade Team / Veras TK","1990-06-22","6'2'","185 LBS"
"MARLON MORAES","Ricardo Almeida Jiu-Jitsu / Valor Martial Arts","1988-04-26","5'6'","135 LBS"
"MARLON VERA","Team Oyama","1992-12-02","5'8'","135 LBS"
"MARTIN BRAVO","Entram Gym","1993-09-21","5'8'","145 LBS"
"MARTIN KAMPMANN","Xtreme Couture","1982-04-17","6'0'","170 LBS"
"MARVIN VETTORI","Kings MMA","1993-09-20","6'0'","185 LBS"
"MARYNA MOROZ","Valle Flow Striking","1991-09-08","5'7'","115 LBS"
"MATS NILSSON","Rumble Sports","1983-12-05","6'1'","185 LBS"
"MATT BESSETTE","Underdog Brazilian Jiu-Jitsu","1984-12-28","5'10'","145 LBS"
"MATT BROWN","Elevation Fight Team","1981-01-10","6'0'","170 LBS"
"MATT FREVOLA","Serra-Longo Fight Team","1990-06-11","5'9'","155 LBS"
"MATT GRICE","R-1 MMA","1981-07-29","5'8'","145 LBS"
"MATT HUGHES","HIT Squad","1973-10-13","5'9'","170 LBS"
"MATT SAYLES","Alliance MMA","1994-02-21","5'7'","145 LBS"
"MATT SCHNELL","American Top Team","1990-01-15","5'8'","125 LBS"
"MATT SERRA","Serra-Longo Fight Team","1974-06-02","5'6'","170 LBS"
"MATT WIMAN","Skrap Pack","1983-09-19","5'10'","155 LBS"
"MATTHEW LOPEZ","Genesis Training Center","1987-01-21","5'7'","135 LBS"
"MAURICE GREENE","","1986-07-05","6'7'","265 LBS"
"MAURICIO RUA","Universidade da Luta","1981-11-25","6'1'","205 LBS"
"MAX GRIFFIN","Marinoble's Martial Arts","1985-11-29","5'11'","170 LBS"
"MAX HOLLOWAY","Gracie Technics / Hawaii Elite MMA","1991-12-04","5'11'","145 LBS"
"MAYCEE BARBER","Fort Collins Martial Arts","1998-05-18","5'5'","115 LBS"
"MAYRA BUENO SILVA","Chute Boxe Diego Lima / Chute Boxe Team Cyborg","1991-08-22","5'7'","125 LBS"
"MEGAN ANDERSON","Glory MMA & Fitness","1990-02-11","6'0'","145 LBS"
"MELISSA GATTO","Spartacus Academy / Team Bronx Cascavel","1996-05-02","5'5'","125 LBS"
"MERAB DVALISHVILI","Serra-Longo Fight Team","1991-01-10","5'6'","135 LBS"
"MICHAEL CHIESA","Sikjitsu","1987-12-07","6'1'","155 LBS"
"MICHAEL JOHNSON","Hard Knocks 365","1986-06-04","5'10'","145 LBS"
"MICHAEL TRIZANO","Team Tiger Schulmann","1991-12-31","5'11'","155 LBS"
"MICHAL OLEKSIEJCZUK","Gornik Leczna","1995-02-22","6'0'","205 LBS"
"MICHEL PEREIRA","Scorpion Fighting System / Team Demolidor","1993-10-06","6'1'","170 LBS"
"MICHEL PRAZERES","Coalizao Fight Team / Frankiko Team / Trator Team","1981-07-25","5'6'","170 LBS"
"MICHELLE WATERSON","Jackson-Wink MMA","1986-01-06","5'3'","115 LBS"
"MICKEY GALL","Miller Brothers MMA","1992-01-22","6'2'","170 LBS"
"MIESHA TATE","Xtreme Couture","1986-08-18","5'6'","135 LBS"
"MIKE DAVIS","Pete White Boxing and MMA","1992-10-07","6'0'","145 LBS"
"MIKE GRUNDY","Team Kaobon Wigan","1987-03-01","5'8'","145 LBS"
"MIKE JACKSON","4oz. Fight Club","1985-03-22","6'2'","170 LBS"
"MIKE PERRY","Fusion X-Cel","1991-09-15","5'10'","170 LBS"
"MIKE RODRIGUEZ","Lauzon MMA","1988-11-28","6'3'","205 LBS"
"MIKE SWICK","AKA Thailand","1979-06-19","6'1'","170 LBS"
"MILES JOHNS","Fortis MMA","1994-03-30","5'7'","135 LBS"
"MINOTAURO NOGUEIRA","Team Nogueira","1976-06-02","6'3'","240 LBS"
"MIRANDA GRANGER","","1992-04-13","5'7'","115 LBS"
"MIRSAD BEKTIC","Tristar Gym","1991-02-16","5'8'","145 LBS"
"MISHA CIRKUNOV","Xtreme Couture","1987-02-27","6'3'","205 LBS"
"MITCH CLARKE","","1985-11-24","5'10'","154 LBS"
"MITCH GAGNON","Troop MMA","1984-10-10","5'6'","135 LBS"
"MIZUKI INOUE","Hakushinkai Karate","1994-08-19","5'4'","114 LBS"
"MIZUTO HIROTA","Cave","1981-05-05","5'7'","155 LBS"
"MOLLY MCCANN","Next Generation MMA Liverpool","","5'4'","125 LBS"
"MONTANA DE LA ROSA","Team Takedown","1995-02-14","5'7'","125 LBS"
"MONTEL JACKSON","Red Schafer MMA","1992-04-24","5'10'","135 LBS"
"MOVSAR EVLOEV","Nart","1994-02-11","5'8'","135 LBS"
"MUSLIM SALIKHOV","Fighting Eagle","1984-06-09","5'11'","170 LBS"
"MYLES JURY","Power MMA","1988-10-31","5'11'","145 LBS"
"NAD NARIMANI","Team Alpha Male","1987-04-14","5'8'","145 LBS"
"NADIA KASSEM","Australian Top Team","1995-11-15","5'5'","120 LBS"
"NAOKI INOUE","Hakushinkai Karate","1997-06-14","5'8'","125 LBS"
"NASRAT HAQPARAST","Tristar Gym","1995-08-22","5'10'","155 LBS"
"NATE DIAZ","Cesar Gracie Fight Team","1985-04-16","6'0'","155 LBS"
"NATHANIEL WOOD","Nova Forca / Team Titan","1993-08-05","5'6'","135 LBS"
"NAZARENO MALEGARIE","Team Tavares","1986-05-16","5'8'","145 LBS"
"NICCO MONTANO","Fit NHB","1988-12-16","5'5'","125 LBS"
"NICK DIAZ","Cesar Gracie Fight Team","1983-08-02","6'1'","170 LBS"
"NICK HEIN","Tiger Muay Thai","1984-04-24","5'6'","155 LBS"
"NICOLAE NEGUMEREANU","Korona Sports Centre","1994-09-04","","205 LBS"
"NIK LENTZ","Hard Knocks 365","1984-08-13","5'8'","155 LBS"
"NIKITA KRYLOV","Industrials","1992-03-07","6'3'","205 LBS"
"NIKO PRICE","Futures MMA","1989-09-29","6'0'","170 LBS"
"NINA ANSAROFF","American Top Team","1985-12-03","5'5'","116 LBS"
"NOHELIN HERNANDEZ","American Kickboxing Academy","1994-03-01","5'10'","135 LBS"
"NORDINE TALEB","Tristar Gym","1981-06-10","6'1'","170 LBS"
"NORIFUMI YAMAMOTO","Krazy Bee","1977-03-15","5'4'","135 LBS"
"OLAF ALFONSO","","","5'9'","150 LBS"
"OLIVIER AUBIN-MERCIER","H2O MMA / Tristar Gym","1989-02-23","5'9'","155 LBS"
"OMARI AKHMEDOV","American Top Team","1987-10-12","6'0'","170 LBS"
"OSKAR PIECHOTA","Piranha Grappling Team","1990-01-24","6'0'","185 LBS"
"OTTMAN AZAITAR","Jupps Fight Team","1990-02-20","5'7'","170 LBS"
"OVINCE SAINT PREUX","Knoxville MMA","1983-04-08","6'3'","205 LBS"
"PADDY HOLOHAN","SBG Ireland","1988-05-03","5'9'","125 LBS"
"PAIGE VANZANT","Gracie Barra Portland","1994-03-26","5'4'","125 LBS"
"PANNIE KIANZAD","Arte Suave Copenhagen","1991-12-08","5'7'","135 LBS"
"PASCAL KRAUSS","Peak MMA / Roufusport","1987-04-19","6'1'","170 LBS"
"PATRICK COTE","BTT Canada","1980-02-29","5'11'","170 LBS"
"PATRICK CUMMINS","Reign MMA / Kings MMA","1980-11-16","6'2'","205 LBS"
"PAUL CRAIG","Scottish Hit Squad","1987-11-27","6'4'","205 LBS"
"PAUL FELDER","Roufusport","1985-04-25","5'10'","170 LBS"
"PEDRO MUNHOZ","American Top Team","1986-09-07","5'6'","135 LBS"
"PETER SOBOTTA","Planet Eater","1987-01-11","6'0'","170 LBS"
"PETR YAN","Archangel Michael Club","1993-02-11","5'7'","135 LBS"
"POLIANA BOTELHO","Nova Uniao","1988-12-15","5'5'","125 LBS"
"POLYANA VIANA","Tata Fight Team","1992-06-14","5'7'","115 LBS"
"PRISCILA CACHOEIRA","Parana Vale Tudo","1988-08-19","5'7'","125 LBS"
"RACHAEL OSTOVICH","Jesus Is Lord","1991-02-25","5'3'","126 LBS"
"RAFAEL DOS ANJOS","Evolve MMA / RDA Academy","1984-10-26","5'9'","170 LBS"
"RAFAEL FIZIEV","Phuket Top Team","1993-03-05","5'8'","155 LBS"
"RAFAEL NATAL","Renzo Gracie Jiu-Jitsu","1982-12-25","6'0'","185 LBS"
"RAMAZAN EMEEV","American Top Team","1987-05-20","5'10'","170 LBS"
"RANDA MARKOS","Michigan Top Team","1985-08-10","5'5'","115 LBS"
"RANDY BROWN","Budokan Martial Arts Academy","1990-07-08","6'3'","171 LBS"
"RANDY COSTA","Lauzon MMA","1994-07-06","5'10'","135 LBS"
"RANI YAHYA","Constrictor Team","1984-12-09","5'6'","135 LBS"
"RAONI BARCELOS","Rizzo RVT / Laerte Barcelos Team","1987-05-01","5'7'","145 LBS"
"RAPHAEL ASSUNCAO","Ascension MMA","1982-07-19","5'5'","135 LBS"
"RAPHAEL PESSOA NUNES","Evolucao Thai","1989-03-09","6'4'","247 LBS"
"RAQUEL PENNINGTON","Altitude MMA","1988-09-05","5'7'","135 LBS"
"RASHAD COULTER","Fortis MMA","1981-11-27","5'11'","208 LBS"
"RASHAD EVANS","Hard Knocks 365","1979-09-25","5'11'","205 LBS"
"RAULIAN PAIVA","Team Alpha Male / Ronildo Nobre Judo Club","1995-10-17","5'8'","125 LBS"
"RAY BORG","Fit NHB","1993-08-04","5'4'","135 LBS"
"RENAN BARAO","American Top Team","1987-01-31","5'7'","135 LBS"
"RENATO MOICANO","First Fight Center / American Top Team","1989-05-21","5'11'","145 LBS"
"RICARDO ABREU","Wand Fight Team","1984-04-27","5'11'","185 LBS"
"RICARDO LAMAS","MMA Masters / Top Notch Fitness","1982-05-21","5'8'","145 LBS"
"RICARDO RAMOS","China Team","1995-08-01","5'9'","135 LBS"
"RICK GLENN","Team Alpha Male","1989-04-12","6'0'","145 LBS"
"RICKY RAINEY","Renegade Fighting Systems","1983-06-29","6'1'","171 LBS"
"RICKY SIMON","Gracie Barra Portland","1992-08-31","5'6'","135 LBS"
"ROB FONT","Team Sityodtong","1987-06-25","5'8'","135 LBS"
"ROBBIE LAWLER","Combat Club","1982-03-20","5'11'","170 LBS"
"ROBERT WHITTAKER","PMA Super Martial Arts","1990-12-20","5'11'","185 LBS"
"ROBERTO SANCHEZ","Gracie Barra Texas / Etre Fit","1986-03-05","5'6'","125 LBS"
"ROCCO MARTIN","American Top Team","1989-12-11","6'0'","170 LBS"
"RODOLFO VIEIRA","Fusion X-Cel","1989-09-25","5'11'","185 LBS"
"ROGERIO BONTORIN","Gile Ribeiro Team","1992-04-25","5'5'","125 LBS"
"ROLANDO DY","Biagtan Muay Thai / Kratos MMA","1991-08-11","5'8'","145 LBS"
"RONALDO SOUZA","Fusion X-Cel","1979-12-07","6'1'","184 LBS"
"RONNY MARKES","Nova Uniao Kimura","1988-04-21","6'1'","210 LBS"
"ROOSEVELT ROBERTS","Adrenaline Martial Arts","1994-02-11","6'1'","155 LBS"
"ROSE NAMAJUNAS","303 Training Center","1992-06-29","5'5'","115 LBS"
"ROSS PEARSON","Central Coast MMA","1984-09-26","5'8'","155 LBS"
"ROSTEM AKMAN","Fightzone Stockholm","","6'0'","170 LBS"
"ROXANNE MODAFFERI","Syndicate MMA","1982-09-24","5'6'","126 LBS"
"RUSLAN MAGOMEDOV","Fight Club Berkut","1986-11-26","6'3'","249 LBS"
"RUSTAM KHABILOV","Jackson-Wink MMA","1986-11-04","5'8'","155 LBS"
"RYAN BENOIT","Janjira Muay Thai","1989-08-25","5'5'","125 LBS"
"RYAN HALL","50 / 50 BJJ / Tristar Gym","1985-02-22","5'10'","145 LBS"
"RYAN JANES","Zugec Ultimate Martial Arts","1981-08-22","6'3'","185 LBS"
"RYAN LAFLARE","Long Island MMA","1983-10-01","6'1'","170 LBS"
"RYAN MACDONALD","Disorderly Conduct","1993-03-18","5'11'","135 LBS"
"RYAN SPANN","Performance Evolution Training Center","1991-08-24","6'5'","205 LBS"
"SABAH HOMASI","American Top Team","1988-10-19","6'0'","179 LBS"
"SABINA MAZO","Kings MMA","1997-03-25","5'7'","125 LBS"
"SAGE NORTHCUTT","Team Alpha Male","1996-03-01","6'0'","170 LBS"
"SAID NURMAGOMEDOV","Akhmat Fight Team","1992-04-05","5'8'","125 LBS"
"SALIM TOUAHRI","Grappling Krakow","1989-09-28","5'10'","170 LBS"
"SAM ALVEY","Team Quest","1986-05-06","6'2'","205 LBS"
"SAM STOUT","Team Tompkins / Syndicate MMA","1984-04-23","5'9'","155 LBS"
"SAPARBEK SAFAROV","","1986-10-14","6'1'","205 LBS"
"SARAH FROTA","Astra Fight Team","1987-04-14","5'6'","115 LBS"
"SARAH MORAS","Toshido Mixed Martial Arts","1988-04-30","5'7'","135 LBS"
"SCOTT HOLTZMAN","Shield Systems / MMA Lab","1983-09-30","5'9'","155 LBS"
"SCOTT MCAFEE","Team Alpha Male","1983-08-23","5'8'","155 LBS"
"SEAN BRADY","Renzo Gracie Philly","1992-11-23","5'9'","169 LBS"
"SEAN O'MALLEY","MMA Lab","1994-10-24","5'11'","135 LBS"
"SEAN PIERSON","Tap Star","1976-03-10","6'1'","170 LBS"
"SEAN STRICKLAND","CQuence Jiu-Jitsu","1991-02-27","6'1'","171 LBS"
"SERGEI PAVLOVICH","Eagles MMA","","6'3'","238 LBS"
"SERGEY KHANDOZHKO","Industrials","1992-05-19","6'1'","170 LBS"
"SERGIO MORAES","Evolucao Thai","1982-07-23","6'0'","170 LBS"
"SERGIO PETTIS","Roufusport","1993-08-18","5'6'","125 LBS"
"SEUNGWOO CHOI","MOB Training Center","1992-11-03","5'11'","145 LBS"
"SHAMIL ABDURAKHIMOV","Peresvet FT","1981-09-02","6'3'","261 LBS"
"SHANA DOBSON","Team Lloyd Irvin","1989-03-30","5'6'","125 LBS"
"SHANE BURGOS","Team Tiger Schulmann","1991-03-19","5'11'","145 LBS"
"SHANE YOUNG","City Kickboxing","1993-07-31","5'8'","145 LBS"
"SHELDON WESTCOTT","Complete Fitness and Martial Arts","1984-08-20","6'1'","170 LBS"
"SHEYMON MORAES","Black House","1990-10-11","5'8'","145 LBS"
"SIJARA EUBANKS","Team Lloyd Irvin","1985-04-27","5'4'","125 LBS"
"SIYAR BAHADURZADA","Jackson-Wink MMA","1984-04-17","5'11'","170 LBS"
"SODIQ YUSUFF","Team Lloyd Irvin","1993-05-19","5'9'","145 LBS"
"SONG KENAN","Jackson-Wink MMA","1990-03-10","6'0'","170 LBS"
"SONG YADONG","Team Alpha Male","1997-12-02","5'8'","145 LBS"
"STEFAN SEKULIC","Family Fight Team","1992-02-12","6'1'","185 LBS"
"STEFAN STRUVE","Team Schrijber","1988-02-18","7'0'","265 LBS"
"STEPHEN THOMPSON","Team Upstate Karate / Pitch Black MMA","1983-02-11","6'0'","170 LBS"
"STEVEN PETERSON","Fortis MMA","1990-05-29","5'9'","145 LBS"
"STEVIE RAY","Elite Team","","",""
"STIPE MIOCIC","Strong Style Fight Team","1982-08-19","6'4'","245 LBS"
"SU MUDAERJI","Enbo Gedou","1996-01-20","5'8'","135 LBS"
"SULTAN ALIEV","American Top Team","1984-09-17","5'11'","170 LBS"
"SUMAN MOKHTARIAN","Australian Top Team","1992-06-13","5'10'","145 LBS"
"SYURI KONDO","Vos Gym / AACC","1989-02-08","5'4'","115 LBS"
"T J DILLASHAW","The Treigning Lab","1986-02-07","5'6'","135 LBS"
"TAI TUIVASA","Lions High Performance Centre","1993-03-16","6'2'","265 LBS"
"TAILA SANTOS","Astra Fight Team","1993-06-22","5'5'","125 LBS"
"TAKASHI SATO","Tribe Tokyo MMA","1990-06-09","5'10'","170 LBS"
"TALITA BERNARDO","Imperio Fight","1987-03-04","5'4'","135 LBS"
"TANNER BOSER","Shaved Bears MMA","1991-08-02","6'2'","258 LBS"
"TAREC SAFFIEDINE","Tristar Gym","1986-09-06","5'9'","169 LBS"
"TATIANA SUAREZ","Millennia MMA","1990-12-19","5'5'","115 LBS"
"TE EDWARDS","MMA Lab","1990-09-11","5'8'","155 LBS"
"TECIA TORRES","American Top Team","1989-08-16","5'1'","115 LBS"
"TEEMU PACKALEN","Finnfighters Gym","1987-05-22","6'1'","155 LBS"
"TERRION WARE","Fight Science","1986-03-31","5'8'","135 LBS"
"TERUTO ISHIHARA","Team Alpha Male","1991-07-23","5'7'","135 LBS"
"THALES LEITES","Nova Uniao","1981-09-06","6'1'","185 LBS"
"THIAGO ALVES","American Top Team","1983-10-03","5'10'","170 LBS"
"THIAGO MOISES","American Top Team","1995-03-23","5'9'","155 LBS"
"THIAGO SANTOS","Tata Fight Team","1984-01-07","6'2'","185 LBS"
"THIBAULT GOUTI","Jackson-Wink MMA","1987-02-27","5'10'","155 LBS"
"THOMAS ALMEIDA","Chute Boxe Diego Lima / Macaco Gold Team","1991-07-31","5'7'","135 LBS"
"THOMAS GIFFORD","Sheridan Boxing Club","1992-07-26","6'1'","155 LBS"
"TIM BOETSCH","Team Irish","1981-01-28","6'0'","185 LBS"
"TIM KENNEDY","Jackson-Wink MMA","1979-09-01","5'11'","185 LBS"
"TIM MEANS","Fit NHB","1984-02-20","6'2'","170 LBS"
"TIM WILLIAMS","Team Balance","1986-07-03","6'2'","185 LBS"
"TINA LAHDEMAKI","RNC Sport Club","1988-05-28","5'2'","115 LBS"
"TODD DUFFEE","American Kickboxing Academy","1985-12-06","6'3'","241 LBS"
"TOM BREESE","Tristar Gym","1991-09-26","6'3'","170 LBS"
"TOM DUQUESNOY","Jackson-Wink MMA","1993-06-21","5'7'","135 LBS"
"TONY FERGUSON","Team Death Clutch","1984-02-12","6'0'","155 LBS"
"TONYA EVINGER","W4R Training Center","1981-06-04","5'7'","135 LBS"
"TREVIN GILES","Texas Elite MMA","1992-08-06","6'0'","185 LBS"
"TREVOR SMITH","Ring Demon Jiu-Jitsu","1981-01-05","6'3'","185 LBS"
"TYRON WOODLEY","American Top Team Evolution","1982-04-17","5'9'","170 LBS"
"TYSON PEDRO","Lions High Performance Centre","1991-09-17","6'3'","205 LBS"
"ULKA SASAKI","Wajutsu Keishukai Suruga","1989-10-07","5'10'","125 LBS"
"URIAH HALL","Fortis MMA","1984-07-31","6'0'","186 LBS"
"URIJAH FABER","Team Alpha Male","1979-05-14","5'6'","135 LBS"
"VALENTINA SHEVCHENKO","Tiger Muay Thai","1988-03-07","5'5'","125 LBS"
"VERONICA MACEDO","MMA Factory","1995-10-30","5'3'","125 LBS"
"VICENTE LUQUE","Cerrado MMA","1991-11-27","5'11'","170 LBS"
"VINC PICHEL","","1982-11-23","5'10'","155 LBS"
"VINCE MORALES","Freak-Jitsu","1990-11-12","5'7'","135 LBS"
"VINCE MURDOCK","Team Alpha Male","1991-03-21","5'7'","143 LBS"
"VINICIUS CASTRO","Five Rounds","1989-02-28","6'4'","205 LBS"
"VINICIUS MOREIRA","Five Rounds","1989-02-28","6'4'","205 LBS"
"VIRNA JANDIROBA","Fight House / Team Velame","1988-05-30","5'3'","115 LBS"
"VIVIANE ARAUJO","Cerrado MMA / Companhia Athletica","1986-11-21","5'5'","125 LBS"
"VOLKAN OEZDEMIR","Hard Knocks 365","1989-09-19","6'1'","205 LBS"
"WALT HARRIS","American Top Team","1983-06-10","6'5'","252 LBS"
"WANG GUAN","American Top Team","1986-03-14","5'11'","145 LBS"
"WARLLEY ALVES","X-Gym","1991-01-04","5'11'","170 LBS"
"WELLINGTON TURMAN","Gile Ribeiro Team","1996-07-22","6'0'","185 LBS"
"WILSON REIS","Brazilian Jiu-Jitsu United / Godoi Jiu-Jitsu","1985-01-06","5'4'","125 LBS"
"WU YANAN","","1996-04-18","5'8'","125 LBS"
"WULIJI BUREN","","1990-03-01","5'9'","135 LBS"
"XIAONAN YAN","China Top Team","1989-06-16","5'5'","114 LBS"
"YAIR RODRIGUEZ","Valle Flow Striking","1992-10-06","5'11'","145 LBS"
"YANA KUNITSKAYA","Jackson-Wink MMA","1989-11-11","5'6'","135 LBS"
"YANCY MEDEIROS","Team Hakuilua","1987-09-07","5'10'","170 LBS"
"YOEL ROMERO","American Top Team","1977-04-30","5'10'","185 LBS"
"YOSHIHIRO AKIYAMA","Jackson-Wink MMA","1975-07-29","5'10'","170 LBS"
"YUSHIN OKAMI","Wajutsu Keishukai Tokyo","1981-07-21","6'2'","185 LBS"
"YVES EDWARDS","American Top Team","1976-09-30","5'10'","155 LBS"
"ZABIT MAGOMEDSHARIPOV","Ricardo Almeida Jiu-Jitsu","1991-03-01","6'1'","145 LBS"
"ZAK CUMMINGS","Glory MMA and Fitness","1984-08-02","6'0'","170 LBS"
"ZAK OTTOW","Pura Vida BJJ","1986-12-22","5'11'","170 LBS"
"ZHANG WEILI","Black Tiger Fight Club","1989-08-13","5'4'","115 LBS"
"ZUBAIRA TUKHUGOV","Tiger Muay Thai","1991-01-15","5'8'","145 LBS"
